{
    "name": "root",
    "gauges": {
        "PetFollower.Policy.Entropy.mean": {
            "value": 0.6740519404411316,
            "min": 0.6740519404411316,
            "max": 1.3911460638046265,
            "count": 39
        },
        "PetFollower.Policy.Entropy.sum": {
            "value": 6747.259765625,
            "min": 6747.259765625,
            "max": 13932.328125,
            "count": 39
        },
        "PetFollower.Step.mean": {
            "value": 389978.0,
            "min": 9983.0,
            "max": 389978.0,
            "count": 39
        },
        "PetFollower.Step.sum": {
            "value": 389978.0,
            "min": 9983.0,
            "max": 389978.0,
            "count": 39
        },
        "PetFollower.Policy.ExtrinsicValueEstimate.mean": {
            "value": 3.7388148307800293,
            "min": 1.069387435913086,
            "max": 3.7388148307800293,
            "count": 39
        },
        "PetFollower.Policy.ExtrinsicValueEstimate.sum": {
            "value": 1226.331298828125,
            "min": 340.0652160644531,
            "max": 1226.331298828125,
            "count": 39
        },
        "PetFollower.Losses.PolicyLoss.mean": {
            "value": 0.24393345403466088,
            "min": 0.2361005655988367,
            "max": 0.25101732091267287,
            "count": 39
        },
        "PetFollower.Losses.PolicyLoss.sum": {
            "value": 19.758609776807532,
            "min": 18.6519446823081,
            "max": 20.487971577355566,
            "count": 39
        },
        "PetFollower.Losses.ValueLoss.mean": {
            "value": 0.1966144709329825,
            "min": 0.14003823539385246,
            "max": 0.570502073606324,
            "count": 39
        },
        "PetFollower.Losses.ValueLoss.sum": {
            "value": 15.925772145571583,
            "min": 11.063020596114344,
            "max": 45.64016588850592,
            "count": 39
        },
        "PetFollower.Policy.LearningRate.mean": {
            "value": 6.900153625877283e-05,
            "min": 6.900153625877283e-05,
            "max": 0.0002969732288570253,
            "count": 39
        },
        "PetFollower.Policy.LearningRate.sum": {
            "value": 0.0055891244369606,
            "min": 0.0055891244369606,
            "max": 0.023460885079705,
            "count": 39
        },
        "PetFollower.Policy.Epsilon.mean": {
            "value": 0.1230004864197531,
            "min": 0.1230004864197531,
            "max": 0.19899107594936707,
            "count": 39
        },
        "PetFollower.Policy.Epsilon.sum": {
            "value": 9.963039400000001,
            "min": 9.963039400000001,
            "max": 15.720294999999998,
            "count": 39
        },
        "PetFollower.Policy.Beta.mean": {
            "value": 0.0005000000000000001,
            "min": 0.0005000000000000001,
            "max": 0.0005000000000000001,
            "count": 39
        },
        "PetFollower.Policy.Beta.sum": {
            "value": 0.04050000000000001,
            "min": 0.03900000000000001,
            "max": 0.04100000000000001,
            "count": 39
        },
        "PetFollower.Environment.EpisodeLength.mean": {
            "value": 356.1333333333333,
            "min": 248.47368421052633,
            "max": 1486.1666666666667,
            "count": 39
        },
        "PetFollower.Environment.EpisodeLength.sum": {
            "value": 10684.0,
            "min": 7520.0,
            "max": 12891.0,
            "count": 39
        },
        "PetFollower.Environment.CumulativeReward.mean": {
            "value": 16.40194051346431,
            "min": 6.452065247856081,
            "max": 28.105506665073335,
            "count": 39
        },
        "PetFollower.Environment.CumulativeReward.sum": {
            "value": 492.05821540392935,
            "min": 64.5206524785608,
            "max": 492.05821540392935,
            "count": 39
        },
        "PetFollower.Policy.ExtrinsicReward.mean": {
            "value": 16.40194051346431,
            "min": 6.452065247856081,
            "max": 28.105506665073335,
            "count": 39
        },
        "PetFollower.Policy.ExtrinsicReward.sum": {
            "value": 492.05821540392935,
            "min": 64.5206524785608,
            "max": 492.05821540392935,
            "count": 39
        },
        "PetFollower.IsTraining.mean": {
            "value": 1.0,
            "min": 1.0,
            "max": 1.0,
            "count": 39
        },
        "PetFollower.IsTraining.sum": {
            "value": 1.0,
            "min": 1.0,
            "max": 1.0,
            "count": 39
        }
    },
    "metadata": {
        "timer_format_version": "0.1.0",
        "start_time_seconds": "1744070714",
        "python_version": "3.10.12 (main, Mar 22 2025, 22:00:24) [Clang 16.0.0 (clang-1600.0.26.6)]",
        "command_line_arguments": "/Users/helenwu/.pyenv/versions/3.10.12/bin/mlagents-learn petfollower_config.yaml --run-id=petfollower15",
        "mlagents_version": "1.1.0",
        "mlagents_envs_version": "1.1.0",
        "communication_protocol_version": "1.5.0",
        "pytorch_version": "2.6.0",
        "numpy_version": "1.23.5",
        "end_time_seconds": "1744072210"
    },
    "total": 1496.6993049171288,
    "count": 1,
    "self": 0.0028645421843975782,
    "children": {
        "run_training.setup": {
            "total": 0.017054334050044417,
            "count": 1,
            "self": 0.017054334050044417
        },
        "TrainerController.start_learning": {
            "total": 1496.6793860408943,
            "count": 1,
            "self": 3.1774447872303426,
            "children": {
                "TrainerController._reset_env": {
                    "total": 7.592575790826231,
                    "count": 1,
                    "self": 7.592575790826231
                },
                "TrainerController.advance": {
                    "total": 1485.8306487540249,
                    "count": 397004,
                    "self": 2.9605233957991004,
                    "children": {
                        "env_step": {
                            "total": 1308.051236335421,
                            "count": 397004,
                            "self": 1205.2755454329308,
                            "children": {
                                "SubprocessEnvManager._take_step": {
                                    "total": 100.63919957587495,
                                    "count": 397004,
                                    "self": 7.693962544435635,
                                    "children": {
                                        "TorchPolicy.evaluate": {
                                            "total": 92.94523703143932,
                                            "count": 396464,
                                            "self": 92.94523703143932
                                        }
                                    }
                                },
                                "workers": {
                                    "total": 2.1364913266152143,
                                    "count": 397003,
                                    "self": 0.0,
                                    "children": {
                                        "worker_root": {
                                            "total": 1467.6532996760216,
                                            "count": 397003,
                                            "is_parallel": true,
                                            "self": 425.919124918757,
                                            "children": {
                                                "steps_from_proto": {
                                                    "total": 0.0003706670831888914,
                                                    "count": 1,
                                                    "is_parallel": true,