{
    "name": "root",
    "gauges": {
        "PetFollower.Policy.Entropy.mean": {
            "value": 1.328040599822998,
            "min": 1.328040599822998,
            "max": 1.4374486207962036,
            "count": 5
        },
        "PetFollower.Policy.Entropy.sum": {
            "value": 13292.3583984375,
            "min": 13292.3583984375,
            "max": 14411.8603515625,
            "count": 5
        },
        "PetFollower.Step.mean": {
            "value": 49957.0,
            "min": 9962.0,
            "max": 49957.0,
            "count": 5
        },
        "PetFollower.Step.sum": {
            "value": 49957.0,
            "min": 9962.0,
            "max": 49957.0,
            "count": 5
        },
        "PetFollower.Policy.ExtrinsicValueEstimate.mean": {
            "value": 4.5818915367126465,
            "min": 2.189859390258789,
            "max": 4.5818915367126465,
            "count": 5
        },
        "PetFollower.Policy.ExtrinsicValueEstimate.sum": {
            "value": 719.3569946289062,
            "min": 343.80792236328125,
            "max": 719.3569946289062,
            "count": 5
        },
        "PetFollower.Losses.PolicyLoss.mean": {
            "value": 0.24182498489081733,
            "min": 0.24182498489081733,
            "max": 0.24690984014096537,
            "count": 5
        },
        "PetFollower.Losses.PolicyLoss.sum": {
            "value": 19.10417380637457,
            "min": 18.937500513720764,
            "max": 19.2589675309953,
            "count": 5
        },
        "PetFollower.Losses.ValueLoss.mean": {
            "value": 0.24602428316519437,
            "min": 0.14552058502975346,
            "max": 0.31596045321441,
            "count": 5
        },
        "PetFollower.Losses.ValueLoss.sum": {
            "value": 19.435918370050356,
            "min": 11.35060563232077,
            "max": 24.64491535072398,
            "count": 5
        },
        "PetFollower.Policy.LearningRate.mean": {
            "value": 0.0002730010495059822,
            "min": 0.0002730010495059822,
            "max": 0.00029698079331409483,
            "count": 5
        },
        "PetFollower.Policy.LearningRate.sum": {
            "value": 0.021567082910972594,
            "min": 0.0214831241389588,
            "max": 0.023164501878499395,
            "count": 5
        },
        "PetFollower.Policy.Epsilon.mean": {
            "value": 0.19100034683544306,
            "min": 0.19100034683544306,
            "max": 0.19899359743589745,
            "count": 5
        },
        "PetFollower.Policy.Epsilon.sum": {
            "value": 15.089027400000003,
            "min": 14.8610412,
            "max": 15.521500600000001,
            "count": 5
        },
        "PetFollower.Policy.Beta.mean": {
            "value": 0.0005000000000000001,
            "min": 0.0005000000000000001,
            "max": 0.0005000000000000001,
            "count": 5
        },
        "PetFollower.Policy.Beta.sum": {
            "value": 0.03950000000000001,
            "min": 0.038500000000000006,
            "max": 0.03950000000000001,
            "count": 5
        },
        "PetFollower.Environment.EpisodeLength.mean": {
            "value": 6571.5,
            "min": 1366.6666666666667,
            "max": 6811.5,
            "count": 5
        },
        "PetFollower.Environment.EpisodeLength.sum": {
            "value": 13143.0,
            "min": 4100.0,
            "max": 13623.0,
            "count": 5
        },
        "PetFollower.Environment.CumulativeReward.mean": {
            "value": 231.88268178526778,
            "min": 39.22489239834249,
            "max": 231.88268178526778,
            "count": 5
        },
        "PetFollower.Environment.CumulativeReward.sum": {
            "value": 463.76536357053556,
            "min": 117.67467719502747,
            "max": 463.76536357053556,
            "count": 5
        },
        "PetFollower.Policy.ExtrinsicReward.mean": {
            "value": 231.88268178526778,
            "min": 39.22489239834249,
            "max": 231.88268178526778,
            "count": 5
        },
        "PetFollower.Policy.ExtrinsicReward.sum": {
            "value": 463.76536357053556,
            "min": 117.67467719502747,
            "max": 463.76536357053556,
            "count": 5
        },
        "PetFollower.IsTraining.mean": {
            "value": 1.0,
            "min": 1.0,
            "max": 1.0,
            "count": 5
        },
        "PetFollower.IsTraining.sum": {
            "value": 1.0,
            "min": 1.0,
            "max": 1.0,
            "count": 5
        }
    },
    "metadata": {
        "timer_format_version": "0.1.0",
        "start_time_seconds": "1744069061",
        "python_version": "3.10.12 (main, Mar 22 2025, 22:00:24) [Clang 16.0.0 (clang-1600.0.26.6)]",
        "command_line_arguments": "/Users/helenwu/.pyenv/versions/3.10.12/bin/mlagents-learn petfollower_config.yaml --run-id=petfollower8",
        "mlagents_version": "1.1.0",
        "mlagents_envs_version": "1.1.0",
        "communication_protocol_version": "1.5.0",
        "pytorch_version": "2.6.0",
        "numpy_version": "1.23.5",
        "end_time_seconds": "1744069333"
    },
    "total": 272.000909042079,
    "count": 1,
    "self": 0.0031296261586248875,
    "children": {
        "run_training.setup": {
            "total": 0.01777195790782571,
            "count": 1,
            "self": 0.01777195790782571
        },
        "TrainerController.start_learning": {
            "total": 271.98000745801255,
            "count": 1,
            "self": 0.4131624873261899,
            "children": {
                "TrainerController._reset_env": {
                    "total": 31.917770458152518,
                    "count": 1,
                    "self": 31.917770458152518
                },
                "TrainerController.advance": {
                    "total": 239.57246759533882,
                    "count": 51026,
                    "self": 0.3783532385714352,
                    "children": {
                        "env_step": {
                            "total": 217.03739671525545,
                            "count": 51026,
                            "self": 203.84328203625046,
                            "children": {
                                "SubprocessEnvManager._take_step": {
                                    "total": 12.922230781521648,
                                    "count": 51026,
                                    "self": 0.9909408327657729,
                                    "children": {
                                        "TorchPolicy.evaluate": {
                                            "total": 11.931289948755875,
                                            "count": 51017,
                                            "self": 11.931289948755875
                                        }
                                    }
                                },
                                "workers": {
                                    "total": 0.27188389748334885,
                                    "count": 51025,
                                    "self": 0.0,
                                    "children": {
                                        "worker_root": {
                                            "total": 231.23844706034288,
                                            "count": 51025,
                                            "is_parallel": true,
                                            "self": 55.01778987119906,
                                            "children": {
                                                "steps_from_proto": {
                                                    "total": 0.0002405000850558281,
                                                    "count": 1,
                                                    "is_parallel": true,