{
    "name": "root",
    "metadata": {
        "timer_format_version": "0.1.0",
        "start_time_seconds": "1744060127",
        "python_version": "3.10.12 (main, Mar 22 2025, 22:00:24) [Clang 16.0.0 (clang-1600.0.26.6)]",
        "command_line_arguments": "/Users/helenwu/.pyenv/versions/3.10.12/bin/mlagents-learn petfollower_config.yaml --run-id=petfollower",
        "mlagents_version": "1.1.0",
        "mlagents_envs_version": "1.1.0",
        "communication_protocol_version": "1.5.0",
        "pytorch_version": "2.6.0",
        "numpy_version": "1.23.5",
        "end_time_seconds": "1744060168"
    },
    "total": 41.14160649990663,
    "count": 1,
    "self": 0.004707874730229378,
    "children": {
        "run_training.setup": {
            "total": 0.030192875070497394,
            "count": 1,
            "self": 0.030192875070497394
        },
        "TrainerController.start_learning": {
            "total": 41.1067057501059,
            "count": 1,
            "self": 0.034320327918976545,
            "children": {
                "TrainerController._reset_env": {
                    "total": 13.33768566697836,
                    "count": 1,
                    "self": 13.33768566697836
                },
                "TrainerController.advance": {
                    "total": 27.626102089416236,
                    "count": 3370,
                    "self": 0.03151732590049505,
                    "children": {
                        "env_step": {
                            "total": 25.776965667726472,
                            "count": 3370,
                            "self": 24.75065313000232,
                            "children": {
                                "SubprocessEnvManager._take_step": {
                                    "total": 1.004966852022335,
                                    "count": 3370,
                                    "self": 0.07903852663002908,
                                    "children": {
                                        "TorchPolicy.evaluate": {
                                            "total": 0.9259283253923059,
                                            "count": 3367,
                                            "self": 0.9259283253923059
                                        }
                                    }
                                },
                                "workers": {
                                    "total": 0.021345685701817274,
                                    "count": 3369,
                                    "self": 0.0,
                                    "children": {
                                        "worker_root": {
                                            "total": 15.220618426566944,
                                            "count": 3369,
                                            "is_parallel": true,
                                            "self": 5.1395179172977805,
                                            "children": {
                                                "steps_from_proto": {
                                                    "total": 0.0009144169744104147,
                                                    "count": 1,
                                                    "is_parallel": true,
                                                    "self": 0.00016083288937807083,
                                                    "children": {
                                                        "_process_rank_one_or_two_observation": {
                                                            "total": 0.0007535840850323439,
                                                            "count": 2,
                                                            "is_parallel": true,
                                                            "self": 0.0007535840850323439
                                                        }
                                                    }
                                                },
                                                "UnityEnvironment.step": {
                                                    "total": 10.080186092294753,
                                                    "count": 3369,
                                                    "is_parallel": true,
                                                    "self": 0.09262165264226496,
                                                    "children": {
                                                        "UnityEnvironment._generate_step_input": {
                                                            "total": 0.23360813315957785,
                                                            "count": 3369,
                                                            "is_parallel": true,
                                                            "self": 0.23360813315957785
                                                        },
                                                        "communicator.exchange": {
                                                            "total": 9.49908465379849,
                                                            "count": 3369,
                                                            "is_parallel": true,
                                                            "self": 9.49908465379849
                                                        },
                                                        "steps_from_proto": {
                                                            "total": 0.254871652694419,
                                                            "count": 3369,
                                                            "is_parallel": true,
                                                            "self": 0.12724478379823267,
                                                            "children": {
                                                                "_process_rank_one_or_two_observation": {
                                                                    "total": 0.12762686889618635,
                                                                    "count": 6738,
                                                                    "is_parallel": true,
                                                                    "self": 0.12762686889618635
                                                                }
                                                            }
                                                        }
                                                    }
                                                }
                                            }
                                        }
                                    }
                                }
                            }
                        },
                        "trainer_advance": {
                            "total": 1.8176190957892686,
                            "count": 3369,
                            "self": 0.038815843407064676,
                            "children": {
                                "process_trajectory": {
                                    "total": 0.12033774959854782,
                                    "count": 3369,
                                    "self": 0.12033774959854782
                                },
                                "_update_policy": {
                                    "total": 1.6584655027836561,
                                    "count": 26,
                                    "self": 0.2854392419103533,
                                    "children": {
                                        "TorchPPOOptimizer.update": {
                                            "total": 1.3730262608733028,
                                            "count": 939,