{
    "name": "root",
    "gauges": {
        "PetFollower.Policy.Entropy.mean": {
            "value": 1.4209624528884888,
            "min": 1.4209624528884888,
            "max": 1.4241747856140137,
            "count": 2
        },
        "PetFollower.Policy.Entropy.sum": {
            "value": 14252.2529296875,
            "min": 14248.869140625,
            "max": 14252.2529296875,
            "count": 2
        },
        "PetFollower.Environment.EpisodeLength.mean": {
            "value": 3065.0,
            "min": 1300.2857142857142,
            "max": 3065.0,
            "count": 2
        },
        "PetFollower.Environment.EpisodeLength.sum": {
            "value": 9195.0,
            "min": 9102.0,
            "max": 9195.0,
            "count": 2
        },
        "PetFollower.Step.mean": {
            "value": 19971.0,
            "min": 9941.0,
            "max": 19971.0,
            "count": 2
        },
        "PetFollower.Step.sum": {
            "value": 19971.0,
            "min": 9941.0,
            "max": 19971.0,
            "count": 2
        },
        "PetFollower.Policy.ExtrinsicValueEstimate.mean": {
            "value": 2.0913710594177246,
            "min": 2.0913710594177246,
            "max": 2.206831455230713,
            "count": 2
        },
        "PetFollower.Policy.ExtrinsicValueEstimate.sum": {
            "value": 330.4366455078125,
            "min": 330.4366455078125,
            "max": 348.67938232421875,
            "count": 2
        },
        "PetFollower.Environment.CumulativeReward.mean": {
            "value": 59.09920977552732,
            "min": 32.97746492177248,
            "max": 59.09920977552732,
            "count": 2
        },
        "PetFollower.Environment.CumulativeReward.sum": {
            "value": 177.29762932658195,
            "min": 177.29762932658195,
            "max": 230.84225445240736,
            "count": 2
        },
        "PetFollower.Policy.ExtrinsicReward.mean": {
            "value": 59.09920977552732,
            "min": 32.97746492177248,
            "max": 59.09920977552732,
            "count": 2
        },
        "PetFollower.Policy.ExtrinsicReward.sum": {
            "value": 177.29762932658195,
            "min": 177.29762932658195,
            "max": 230.84225445240736,
            "count": 2
        },
        "PetFollower.Losses.PolicyLoss.mean": {
            "value": 0.24640642916891373,
            "min": 0.24346668668930116,
            "max": 0.24640642916891373,
            "count": 2
        },
        "PetFollower.Losses.PolicyLoss.sum": {
            "value": 19.21970147517527,
            "min": 18.99040156176549,
            "max": 19.21970147517527,
            "count": 2
        },
        "PetFollower.Losses.ValueLoss.mean": {
            "value": 0.32641994452733364,
            "min": 0.32641994452733364,
            "max": 0.831258493594969,
            "count": 2
        },
        "PetFollower.Losses.ValueLoss.sum": {
            "value": 25.460755673132024,
            "min": 25.460755673132024,
            "max": 64.83816250040758,
            "count": 2
        },
        "PetFollower.Policy.LearningRate.mean": {
            "value": 0.0002910322952969281,
            "min": 0.0002910322952969281,
            "max": 0.00029699767023154617,
            "count": 2
        },
        "PetFollower.Policy.LearningRate.sum": {
            "value": 0.022700519033160393,
            "min": 0.022700519033160393,
            "max": 0.0231658182780606,
            "count": 2
        },
        "PetFollower.Policy.Epsilon.mean": {
            "value": 0.19701076410256413,
            "min": 0.19701076410256413,
            "max": 0.19899922307692308,
            "count": 2
        },
        "PetFollower.Policy.Epsilon.sum": {
            "value": 15.366839600000002,
            "min": 15.366839600000002,
            "max": 15.5219394,
            "count": 2
        },
        "PetFollower.Policy.Beta.mean": {
            "value": 0.0005000000000000001,
            "min": 0.0005000000000000001,
            "max": 0.0005000000000000001,
            "count": 2
        },
        "PetFollower.Policy.Beta.sum": {
            "value": 0.03900000000000001,
            "min": 0.03900000000000001,
            "max": 0.03900000000000001,
            "count": 2
        },
        "PetFollower.IsTraining.mean": {
            "value": 1.0,
            "min": 1.0,
            "max": 1.0,
            "count": 2
        },
        "PetFollower.IsTraining.sum": {
            "value": 1.0,
            "min": 1.0,
            "max": 1.0,
            "count": 2
        }
    },
    "metadata": {
        "timer_format_version": "0.1.0",
        "start_time_seconds": "1744062206",
        "python_version": "3.10.12 (main, Mar 22 2025, 22:00:24) [Clang 16.0.0 (clang-1600.0.26.6)]",
        "command_line_arguments": "/Users/helenwu/.pyenv/versions/3.10.12/bin/mlagents-learn petfollower_config.yaml --run-id=petfollower6",
        "mlagents_version": "1.1.0",
        "mlagents_envs_version": "1.1.0",
        "communication_protocol_version": "1.5.0",
        "pytorch_version": "2.6.0",
        "numpy_version": "1.23.5",
        "end_time_seconds": "1744062354"
    },
    "total": 148.74672166700475,
    "count": 1,
    "self": 0.0031523338984698057,
    "children": {
        "run_training.setup": {
            "total": 0.01882329210639,
            "count": 1,
            "self": 0.01882329210639
        },
        "TrainerController.start_learning": {
            "total": 148.7247460409999,
            "count": 1,
            "self": 0.16499615972861648,
            "children": {
                "TrainerController._reset_env": {
                    "total": 8.145041625015438,
                    "count": 1,
                    "self": 8.145041625015438
                },
                "TrainerController.advance": {
                    "total": 140.33376892330125,
                    "count": 20664,
                    "self": 0.15405074879527092,
                    "children": {
                        "env_step": {
                            "total": 130.21631998033263,
                            "count": 20664,
                            "self": 124.55578521126881,
                            "children": {
                                "SubprocessEnvManager._take_step": {
                                    "total": 5.54797571641393,
                                    "count": 20664,
                                    "self": 0.4139348613098264,
                                    "children": {
                                        "TorchPolicy.evaluate": {
                                            "total": 5.134040855104104,
                                            "count": 20657,
                                            "self": 5.134040855104104
                                        }
                                    }
                                },
                                "workers": {
                                    "total": 0.11255905264988542,
                                    "count": 20663,
                                    "self": 0.0,
                                    "children": {
                                        "worker_root": {
                                            "total": 79.66409791447222,
                                            "count": 20663,
                                            "is_parallel": true,
                                            "self": 23.966108380584046,
                                            "children": {
                                                "steps_from_proto": {
                                                    "total": 0.0003760410472750664,
                                                    "count": 1,
                                                    "is_parallel": true,