{
    "name": "root",
    "metadata": {
        "timer_format_version": "0.1.0",
        "start_time_seconds": "1744070666",
        "python_version": "3.10.12 (main, Mar 22 2025, 22:00:24) [Clang 16.0.0 (clang-1600.0.26.6)]",
        "command_line_arguments": "/Users/helenwu/.pyenv/versions/3.10.12/bin/mlagents-learn petfollower_config.yaml --run-id=petfollower14",
        "mlagents_version": "1.1.0",
        "mlagents_envs_version": "1.1.0",
        "communication_protocol_version": "1.5.0",
        "pytorch_version": "2.6.0",
        "numpy_version": "1.23.5",
        "end_time_seconds": "1744070711"
    },
    "total": 45.133932624943554,
    "count": 1,
    "self": 0.00358158303424716,
    "children": {
        "run_training.setup": {
            "total": 0.016744374996051192,
            "count": 1,
            "self": 0.016744374996051192
        },
        "TrainerController.start_learning": {
            "total": 45.113606666913256,
            "count": 1,
            "self": 0.051445327466353774,
            "children": {
                "TrainerController._reset_env": {
                    "total": 9.204859334044158,
                    "count": 1,
                    "self": 9.204859334044158
                },
                "TrainerController.advance": {
                    "total": 35.78854467137717,
                    "count": 6242,
                    "self": 0.043624181067571044,
                    "children": {
                        "env_step": {
                            "total": 33.0570451321546,
                            "count": 6242,
                            "self": 31.470011816825718,
                            "children": {
                                "SubprocessEnvManager._take_step": {
                                    "total": 1.5536993606947362,
                                    "count": 6242,
                                    "self": 0.11948990938253701,
                                    "children": {
                                        "TorchPolicy.evaluate": {
                                            "total": 1.4342094513121992,
                                            "count": 6241,
                                            "self": 1.4342094513121992
                                        }
                                    }
                                },
                                "workers": {
                                    "total": 0.0333339546341449,
                                    "count": 6241,
                                    "self": 0.0,
                                    "children": {
                                        "worker_root": {
                                            "total": 23.773045630194247,
                                            "count": 6241,
                                            "is_parallel": true,
                                            "self": 7.065948283066973,
                                            "children": {
                                                "steps_from_proto": {
                                                    "total": 0.0005729580298066139,
                                                    "count": 1,
                                                    "is_parallel": true,
                                                    "self": 0.00016645784489810467,
                                                    "children": {
                                                        "_process_rank_one_or_two_observation": {
                                                            "total": 0.00040650018490850925,
                                                            "count": 2,
                                                            "is_parallel": true,
                                                            "self": 0.00040650018490850925
                                                        }
                                                    }
                                                },
                                                "UnityEnvironment.step": {
                                                    "total": 16.706524389097467,
                                                    "count": 6241,
                                                    "is_parallel": true,
                                                    "self": 0.14294471382163465,
                                                    "children": {
                                                        "UnityEnvironment._generate_step_input": {
                                                            "total": 0.3669681779574603,
                                                            "count": 6241,
                                                            "is_parallel": true,
                                                            "self": 0.3669681779574603
                                                        },
                                                        "communicator.exchange": {
                                                            "total": 15.79133825469762,
                                                            "count": 6241,
                                                            "is_parallel": true,
                                                            "self": 15.79133825469762
                                                        },
                                                        "steps_from_proto": {
                                                            "total": 0.40527324262075126,
                                                            "count": 6241,
                                                            "is_parallel": true,
                                                            "self": 0.189592836657539,
                                                            "children": {
                                                                "_process_rank_one_or_two_observation": {
                                                                    "total": 0.21568040596321225,
                                                                    "count": 12482,
                                                                    "is_parallel": true,
                                                                    "self": 0.21568040596321225
                                                                }
                                                            }
                                                        }
                                                    }
                                                }
                                            }
                                        }
                                    }
                                }
                            }
                        },
                        "trainer_advance": {
                            "total": 2.6878753581549972,
                            "count": 6241,
                            "self": 0.05303316796198487,
                            "children": {
                                "process_trajectory": {
                                    "total": 0.22469015209935606,
                                    "count": 6241,
                                    "self": 0.22469015209935606
                                },
                                "_update_policy": {
                                    "total": 2.4101520380936563,
                                    "count": 48,
                                    "self": 0.4188859825953841,
                                    "children": {
                                        "TorchPPOOptimizer.update": {
                                            "total": 1.9912660554982722,
                                            "count": 1728,