{
    "name": "root",
    "gauges": {
        "PetFollower.Policy.Entropy.mean": {
            "value": 1.4043991565704346,
            "min": 1.4043991565704346,
            "max": 1.4043991565704346,
            "count": 1
        },
        "PetFollower.Policy.Entropy.sum": {
            "value": 14048.205078125,
            "min": 14048.205078125,
            "max": 14048.205078125,
            "count": 1
        },
        "PetFollower.Step.mean": {
            "value": 9971.0,
            "min": 9971.0,
            "max": 9971.0,
            "count": 1
        },
        "PetFollower.Step.sum": {
            "value": 9971.0,
            "min": 9971.0,
            "max": 9971.0,
            "count": 1
        },
        "PetFollower.Policy.ExtrinsicValueEstimate.mean": {
            "value": 2.6867895126342773,
            "min": 2.6867895126342773,
            "max": 2.6867895126342773,
            "count": 1
        },
        "PetFollower.Policy.ExtrinsicValueEstimate.sum": {
            "value": 840.965087890625,
            "min": 840.965087890625,
            "max": 840.965087890625,
            "count": 1
        },
        "PetFollower.Losses.PolicyLoss.mean": {
            "value": 0.2433192862092619,
            "min": 0.2433192862092619,
            "max": 0.2433192862092619,
            "count": 1
        },
        "PetFollower.Losses.PolicyLoss.sum": {
            "value": 18.97890432432243,
            "min": 18.97890432432243,
            "max": 18.97890432432243,
            "count": 1
        },
        "PetFollower.Losses.ValueLoss.mean": {
            "value": 0.3028664084455705,
            "min": 0.3028664084455705,
            "max": 0.3028664084455705,
            "count": 1
        },
        "PetFollower.Losses.ValueLoss.sum": {
            "value": 23.6235798587545,
            "min": 23.6235798587545,
            "max": 23.6235798587545,
            "count": 1
        },
        "PetFollower.Policy.LearningRate.mean": {
            "value": 0.00029696851639511026,
            "min": 0.00029696851639511026,
            "max": 0.00029696851639511026,
            "count": 1
        },
        "PetFollower.Policy.LearningRate.sum": {
            "value": 0.0231635442788186,
            "min": 0.0231635442788186,
            "max": 0.0231635442788186,
            "count": 1
        },
        "PetFollower.Policy.Epsilon.mean": {
            "value": 0.19898950512820515,
            "min": 0.19898950512820515,
            "max": 0.19898950512820515,
            "count": 1
        },
        "PetFollower.Policy.Epsilon.sum": {
            "value": 15.521181400000001,
            "min": 15.521181400000001,
            "max": 15.521181400000001,
            "count": 1
        },
        "PetFollower.Policy.Beta.mean": {
            "value": 0.0005000000000000001,
            "min": 0.0005000000000000001,
            "max": 0.0005000000000000001,
            "count": 1
        },
        "PetFollower.Policy.Beta.sum": {
            "value": 0.03900000000000001,
            "min": 0.03900000000000001,
            "max": 0.03900000000000001,
            "count": 1
        },
        "PetFollower.Environment.EpisodeLength.mean": {
            "value": 2768.0,
            "min": 2768.0,
            "max": 2768.0,
            "count": 1
        },
        "PetFollower.Environment.EpisodeLength.sum": {
            "value": 8304.0,
            "min": 8304.0,
            "max": 8304.0,
            "count": 1
        },
        "PetFollower.Environment.CumulativeReward.mean": {
            "value": 51.11526388923327,
            "min": 51.11526388923327,
            "max": 51.11526388923327,
            "count": 1
        },
        "PetFollower.Environment.CumulativeReward.sum": {
            "value": 153.3457916676998,
            "min": 153.3457916676998,
            "max": 153.3457916676998,
            "count": 1
        },
        "PetFollower.Policy.ExtrinsicReward.mean": {
            "value": 51.11526388923327,
            "min": 51.11526388923327,
            "max": 51.11526388923327,
            "count": 1
        },
        "PetFollower.Policy.ExtrinsicReward.sum": {
            "value": 153.3457916676998,
            "min": 153.3457916676998,
            "max": 153.3457916676998,
            "count": 1
        },
        "PetFollower.IsTraining.mean": {
            "value": 1.0,
            "min": 1.0,
            "max": 1.0,
            "count": 1
        },
        "PetFollower.IsTraining.sum": {
            "value": 1.0,
            "min": 1.0,
            "max": 1.0,
            "count": 1
        }
    },
    "metadata": {
        "timer_format_version": "0.1.0",
        "start_time_seconds": "1744070550",
        "python_version": "3.10.12 (main, Mar 22 2025, 22:00:24) [Clang 16.0.0 (clang-1600.0.26.6)]",
        "command_line_arguments": "/Users/helenwu/.pyenv/versions/3.10.12/bin/mlagents-learn petfollower_config.yaml --run-id=petfollower13",
        "mlagents_version": "1.1.0",
        "mlagents_envs_version": "1.1.0",
        "communication_protocol_version": "1.5.0",
        "pytorch_version": "2.6.0",
        "numpy_version": "1.23.5",
        "end_time_seconds": "1744070637"
    },
    "total": 87.15513687510975,
    "count": 1,
    "self": 0.0041734580881893635,
    "children": {
        "run_training.setup": {
            "total": 0.01695645903237164,
            "count": 1,
            "self": 0.01695645903237164
        },
        "TrainerController.start_learning": {
            "total": 87.13400695798919,
            "count": 1,
            "self": 0.1332606947980821,
            "children": {
                "TrainerController._reset_env": {
                    "total": 6.9596943750511855,
                    "count": 1,
                    "self": 6.9596943750511855
                },
                "TrainerController.advance": {
                    "total": 79.99483280512504,
                    "count": 17235,
                    "self": 0.1240989132784307,
                    "children": {
                        "env_step": {
                            "total": 71.45554438978434,
                            "count": 17235,
                            "self": 66.71892104134895,
                            "children": {
                                "SubprocessEnvManager._take_step": {
                                    "total": 4.644876049133018,
                                    "count": 17236,
                                    "self": 0.3398103448562324,
                                    "children": {
                                        "TorchPolicy.evaluate": {
                                            "total": 4.305065704276785,
                                            "count": 17225,
                                            "self": 4.305065704276785
                                        }
                                    }
                                },
                                "workers": {
                                    "total": 0.09174729930236936,
                                    "count": 17234,
                                    "self": 0.0,
                                    "children": {
                                        "worker_root": {
                                            "total": 65.00165839213878,
                                            "count": 17234,
                                            "is_parallel": true,
                                            "self": 20.09584125224501,
                                            "children": {
                                                "steps_from_proto": {
                                                    "total": 0.00039541604928672314,
                                                    "count": 1,
                                                    "is_parallel": true,
                                                    "self": 0.00016287504695355892,